[
  {
    "BookingDate": "2024-09-21",
    "CustomerName": "Donald Sanders",
    "TourPackageName": "Horse Riding Tour"
  },
  {
    "BookingDate": "2024-09-22",
    "CustomerName": "Donald Sanders",
    "TourPackageName": "Sightseeing Tour"
  },
  {
    "BookingDate": "2024-10-01",
    "CustomerName": "William Garcia",
    "TourPackageName": "Historical Sites"
  },
  {
    "BookingDate": "2024-11-01",
    "CustomerName": "William Garcia",
    "TourPackageName": "Horse Riding Tour"
  },
  {
    "BookingDate": "2024-09-20",
    "CustomerName": "William Garcia",
    "TourPackageName": "Sightseeing Tour"
  },
  {
    "BookingDate": "2024-12-06",
    "CustomerName": "William Garcia",
    "TourPackageName": "Historical Sites"
  },
  {
    "BookingDate": "2024-09-15",
    "CustomerName": "Michael Smith",
    "TourPackageName": "Horse Riding Tour"
  },
  {
    "BookingDate": "2024-09-23",
    "CustomerName": "Michael Smith",
    "TourPackageName": "Historical Sites"
  },
  {
    "BookingDate": "2024-09-27",
    "CustomerName": "Henry White",
    "TourPackageName": "Sunset Cruise"
  },
  {
    "BookingDate": "2024-09-28",
    "CustomerName": "Henry White",
    "TourPackageName": "Horse Riding Tour"
  },
  {
    "BookingDate": "2024-09-29",
    "CustomerName": "Henry White",
    "TourPackageName": "Wildlife Safari"
  },
  {
    "BookingDate": "2024-09-30",
    "CustomerName": "Henry White",
    "TourPackageName": "Sunset Cruise"
  },
  {
    "BookingDate": "2024-10-05",
    "CustomerName": "Amelia Martinez",
    "TourPackageName": "Sightseeing Tour"
  },
  {
    "BookingDate": "2024-5-5",
    "CustomerName": "Amelia Martinez",
    "TourPackageName": "Sightseeing Tour"
  },
  {
    "BookingDate": "2024-10-08",
    "CustomerName": "Amelia Martinez",
    "TourPackageName": "Diving Tour"
  },
  {
    "BookingDate": "2024-10-03",
    "CustomerName": "Alexander Brown",
    "TourPackageName": "Wildlife Safari"
  },
  {
    "BookingDate": "2024-10-04",
    "CustomerName": "Alexander Brown",
    "TourPackageName": "Sunset Cruise"
  },
  {
    "BookingDate": "2024-10-05",
    "CustomerName": "Victoria Scott",
    "TourPackageName": "Food Tour"
  },
  {
    "BookingDate": "2024-10-05",
    "TourPackageName": "Food Tour"
  },
  {
    "BookingDate": "2024-10-06",
    "CustomerName": "Victoria Scott",
    "TourPackageName": "Wildlife Safari"
  },
  {
    "BookingDate": "2024-10-07",
    "CustomerName": "Christopher Lee",
    "TourPackageName": "Diving Tour"
  },
  {
    "BookingDate": "2024-10-08",
    "CustomerName": "Sophia Wilson",
    "TourPackageName": "Diving Tour"
  },
  {
    "BookingDate": "2024-10-08",
    "CustomerName": "Sophia Wilson"
  },
  {
    "BookingDate": "2024-11-09",
    "CustomerName": "Benjamin Lee",
    "TourPackageName": "Food Tour"
  },
  {
    "BookingDate": "2024-10-03",
    "CustomerName": "Benjamin Lee",
    "TourPackageName": "City Tour"
  },
  {
    "BookingDate": "2024-11-11",
    "CustomerName": "Isabella Harris",
    "TourPackageName": "City Tour"
  },
  {
    "BookingDate": "2024-10-12",
    "CustomerName": "Charlotte Taylor",
    "TourPackageName": "Mountain Hiking"
  },
  {
    "BookingDate": "2024-10-13",
    "CustomerName": "Daniel Moore",
    "TourPackageName": "Mountain Hiking"
  }
]
